encounter_id,patient_id,provider_id,department_id,admit_datetime,discharge_datetime,length_of_stay_hours,er_wait_minutes,readmitted_30d
E5000,P1040,PR200,D10,2025-02-11 12:00,2025-02-14 03:00,63,189,0
E5001,P1047,PR203,D12,2025-01-28 11:00,2025-01-30 08:00,45,88,1
E5002,P1014,PR201,D11,2025-03-16 22:00,2025-03-20 19:00,93,221,0
E5003,P1043,PR201,D14,2025-01-01 19:00,2025-01-05 01:00,78,237,0
E5004,P1037,PR200,D13,2025-03-11 07:00,2025-03-12 11:00,28,141,0
E5005,P1001,PR203,D10,2025-02-20 09:00,2025-02-22 06:00,45,156,1
E5006,P1014,PR209,D14,2025-02-01 23:00,2025-02-06 09:00,106,184,0
E5007,P1001,PR203,D14,2025-02-27 19:00,2025-02-28 08:00,13,43,0
E5008,P1045,PR206,D14,2025-02-25 16:00,2025-02-28 04:00,60,117,1
E5009,P1014,PR209,D13,2025-02-23 22:00,2025-02-28 04:00,102,228,1
E5010,P1017,PR202,D10,2025-01-19 01:00,2025-01-21 07:00,54,176,0
E5011,P1044,PR205,D13,2025-03-11 22:00,2025-03-14 19:00,69,187,0
E5012,P1017,PR203,D11,2025-01-17 05:00,2025-01-18 06:00,25,73,0
E5013,P1048,PR201,D12,2025-03-11 21:00,2025-03-12 09:00,12,148,1
E5014,P1005,PR201,D13,2025-02-28 05:00,2025-03-03 14:00,81,97,1
E5015,P1022,PR209,D12,2025-02-28 03:00,2025-02-28 23:00,20,94,0
E5016,P1016,PR207,D10,2025-01-19 19:00,2025-01-23 20:00,97,203,0
E5017,P1034,PR206,D10,2025-02-02 07:00,2025-02-03 23:00,40,86,1
E5018,P1005,PR204,D14,2025-01-11 17:00,2025-01-12 17:00,24,163,1
E5019,P1053,PR205,D14,2025-01-07 15:00,2025-01-11 10:00,91,116,0
E5020,P1036,PR201,D11,2025-03-01 16:00,2025-03-01 19:00,3,133,0
E5021,P1002,PR204,D11,2025-01-12 04:00,2025-01-13 18:00,38,164,0
E5022,P1005,PR201,D11,2025-01-09 08:00,2025-01-13 12:00,100,151,0
E5023,P1024,PR207,D12,2025-01-03 19:00,2025-01-04 20:00,25,58,0
E5024,P1040,PR202,D12,2025-01-24 19:00,2025-01-27 23:00,76,117,0
E5025,P1023,PR203,D12,2025-02-07 07:00,2025-02-10 20:00,85,231,0
E5026,P1042,PR201,D12,2025-03-30 02:00,2025-03-31 04:00,26,97,0
E5027,P1038,PR208,D11,2025-03-23 01:00,2025-03-25 08:00,55,167,0
E5028,P1046,PR202,D11,2025-02-10 03:00,2025-02-11 13:00,34,72,0
E5029,P1029,PR204,D13,2025-01-21 15:00,2025-01-22 12:00,21,132,0
E5030,P1059,PR203,D14,2025-03-08 16:00,2025-03-10 02:00,34,180,0
E5031,P1043,PR200,D12,2025-03-27 22:00,2025-03-28 21:00,23,162,1
E5032,P1014,PR205,D10,2025-02-20 21:00,2025-02-21 06:00,9,31,0
E5033,P1025,PR201,D12,2025-01-21 00:00,2025-01-22 05:00,29,115,0
E5034,P1013,PR205,D14,2025-03-10 15:00,2025-03-11 11:00,20,8,0
E5035,P1013,PR206,D13,2025-02-18 16:00,2025-02-20 13:00,45,224,0
E5036,P1056,PR202,D13,2025-02-15 20:00,2025-02-16 03:00,7,103,0
E5037,P1016,PR203,D11,2025-02-06 23:00,2025-02-10 21:00,94,50,1
E5038,P1047,PR208,D14,2025-03-01 00:00,2025-03-05 21:00,117,195,0
E5039,P1016,PR206,D14,2025-02-01 22:00,2025-02-03 08:00,34,71,0
E5040,P1057,PR206,D14,2025-01-25 09:00,2025-01-29 09:00,96,58,0
E5041,P1023,PR202,D11,2025-02-15 23:00,2025-02-20 18:00,115,36,0
E5042,P1032,PR201,D13,2025-01-23 01:00,2025-01-24 05:00,28,238,1
E5043,P1048,PR201,D10,2025-01-17 07:00,2025-01-18 17:00,34,141,0
E5044,P1009,PR206,D11,2025-02-17 06:00,2025-02-21 04:00,94,174,1
E5045,P1038,PR206,D10,2025-02-19 23:00,2025-02-20 13:00,14,64,0
E5046,P1024,PR207,D14,2025-02-26 03:00,2025-02-28 01:00,46,24,0
E5047,P1033,PR208,D12,2025-01-16 13:00,2025-01-19 18:00,77,119,0
E5048,P1055,PR201,D10,2025-03-07 22:00,2025-03-10 14:00,64,90,0
E5049,P1043,PR204,D14,2025-02-27 21:00,2025-03-02 08:00,59,62,0
E5050,P1049,PR201,D12,2025-02-21 09:00,2025-02-24 08:00,71,19,0
E5051,P1018,PR202,D13,2025-03-01 04:00,2025-03-05 06:00,98,12,0
E5052,P1029,PR204,D10,2025-01-05 06:00,2025-01-08 03:00,69,10,0
E5053,P1032,PR208,D11,2025-02-16 02:00,2025-02-18 10:00,56,172,0
E5054,P1058,PR204,D10,2025-01-13 17:00,2025-01-18 04:00,107,162,0
E5055,P1053,PR209,D14,2025-03-04 18:00,2025-03-08 15:00,93,62,0
E5056,P1012,PR205,D11,2025-03-31 20:00,2025-04-03 11:00,63,27,0
E5057,P1048,PR208,D11,2025-01-12 20:00,2025-01-12 22:00,2,62,1
E5058,P1049,PR200,D14,2025-02-03 21:00,2025-02-05 22:00,49,93,0
E5059,P1038,PR207,D12,2025-01-01 15:00,2025-01-04 05:00,62,235,0
E5060,P1001,PR205,D10,2025-03-10 21:00,2025-03-14 19:00,94,199,0
E5061,P1056,PR203,D12,2025-01-16 18:00,2025-01-21 00:00,102,90,0
E5062,P1003,PR209,D11,2025-03-19 04:00,2025-03-21 04:00,48,98,1
E5063,P1005,PR207,D10,2025-03-10 11:00,2025-03-11 04:00,17,222,0
E5064,P1052,PR208,D10,2025-03-26 06:00,2025-03-30 11:00,101,37,0
E5065,P1049,PR202,D11,2025-01-23 09:00,2025-01-28 08:00,119,73,1
E5066,P1042,PR208,D13,2025-02-21 09:00,2025-02-22 05:00,20,190,0
E5067,P1010,PR208,D12,2025-03-10 12:00,2025-03-10 17:00,5,20,0
E5068,P1055,PR206,D14,2025-01-02 16:00,2025-01-06 13:00,93,132,0
E5069,P1013,PR203,D14,2025-03-25 23:00,2025-03-26 12:00,13,182,0
E5070,P1045,PR206,D12,2025-02-02 00:00,2025-02-04 14:00,62,183,1
E5071,P1042,PR207,D12,2025-01-12 02:00,2025-01-14 20:00,66,165,0
E5072,P1057,PR207,D14,2025-02-12 11:00,2025-02-13 17:00,30,145,0
E5073,P1007,PR203,D11,2025-02-15 01:00,2025-02-19 21:00,116,39,0
E5074,P1004,PR200,D12,2025-03-31 07:00,2025-04-04 05:00,94,158,0
E5075,P1037,PR203,D14,2025-02-03 18:00,2025-02-08 04:00,106,139,0
E5076,P1037,PR200,D11,2025-03-16 23:00,2025-03-18 12:00,37,221,1
E5077,P1004,PR203,D10,2025-02-05 09:00,2025-02-09 15:00,102,205,0
E5078,P1004,PR205,D10,2025-02-18 02:00,2025-02-22 19:00,113,40,0
E5079,P1004,PR203,D14,2025-01-24 22:00,2025-01-27 13:00,63,228,1
E5080,P1017,PR203,D13,2025-02-24 12:00,2025-02-25 12:00,24,221,0
E5081,P1034,PR209,D11,2025-01-30 16:00,2025-02-04 10:00,114,66,0
E5082,P1036,PR203,D13,2025-03-30 21:00,2025-03-31 11:00,14,191,0
E5083,P1050,PR206,D13,2025-01-12 08:00,2025-01-13 04:00,20,80,0
E5084,P1012,PR201,D10,2025-01-28 13:00,2025-02-01 13:00,96,132,0
E5085,P1042,PR205,D13,2025-01-16 20:00,2025-01-19 18:00,70,103,0
E5086,P1027,PR207,D13,2025-02-21 20:00,2025-02-26 01:00,101,57,0
E5087,P1055,PR201,D10,2025-02-26 06:00,2025-03-02 20:00,110,185,0
E5088,P1003,PR205,D13,2025-02-08 13:00,2025-02-12 13:00,96,126,0
E5089,P1051,PR203,D10,2025-03-28 10:00,2025-03-31 14:00,76,150,1
E5090,P1012,PR208,D11,2025-01-09 09:00,2025-01-11 20:00,59,149,0
E5091,P1028,PR206,D11,2025-01-07 13:00,2025-01-08 03:00,14,172,0
E5092,P1011,PR207,D12,2025-02-19 01:00,2025-02-19 07:00,6,33,0
E5093,P1015,PR207,D10,2025-03-24 07:00,2025-03-29 00:00,113,113,0
E5094,P1051,PR201,D14,2025-01-17 06:00,2025-01-21 00:00,90,49,0
E5095,P1003,PR200,D14,2025-03-11 18:00,2025-03-14 08:00,62,112,0
E5096,P1005,PR202,D11,2025-03-15 18:00,2025-03-17 10:00,40,130,0
E5097,P1026,PR207,D13,2025-01-13 17:00,2025-01-17 14:00,93,130,0
E5098,P1013,PR200,D13,2025-03-13 08:00,2025-03-15 00:00,40,5,0
E5099,P1010,PR200,D13,2025-03-03 16:00,2025-03-04 18:00,26,60,0
E5100,P1024,PR207,D12,2025-01-06 11:00,2025-01-08 09:00,46,164,0
E5101,P1018,PR208,D13,2025-02-16 20:00,2025-02-20 05:00,81,122,1
E5102,P1042,PR202,D13,2025-02-05 02:00,2025-02-05 22:00,20,24,0
E5103,P1012,PR203,D12,2025-02-16 08:00,2025-02-18 10:00,50,18,0
E5104,P1003,PR208,D14,2025-01-01 20:00,2025-01-04 03:00,55,122,0
E5105,P1003,PR200,D12,2025-03-28 10:00,2025-03-28 23:00,13,78,1
E5106,P1003,PR207,D14,2025-03-13 05:00,2025-03-16 10:00,77,156,0
E5107,P1032,PR202,D14,2025-01-08 03:00,2025-01-11 22:00,91,140,0
E5108,P1003,PR201,D14,2025-02-19 04:00,2025-02-20 22:00,42,232,1
E5109,P1054,PR201,D11,2025-03-04 16:00,2025-03-07 18:00,74,165,0
E5110,P1038,PR203,D10,2025-03-18 15:00,2025-03-19 21:00,30,145,1
E5111,P1025,PR209,D10,2025-01-06 17:00,2025-01-11 13:00,116,201,0
E5112,P1015,PR209,D14,2025-03-07 09:00,2025-03-09 18:00,57,34,1
E5113,P1002,PR201,D14,2025-01-05 22:00,2025-01-07 08:00,34,122,1
E5114,P1026,PR209,D14,2025-02-18 10:00,2025-02-22 00:00,86,30,0
E5115,P1033,PR204,D12,2025-03-27 16:00,2025-03-30 22:00,78,165,0
E5116,P1013,PR203,D12,2025-01-01 20:00,2025-01-06 13:00,113,59,1
E5117,P1016,PR202,D13,2025-03-22 04:00,2025-03-26 04:00,96,137,1
E5118,P1042,PR207,D12,2025-02-22 22:00,2025-02-27 04:00,102,57,1
E5119,P1020,PR200,D10,2025-03-15 18:00,2025-03-16 12:00,18,89,0
E5120,P1029,PR209,D14,2025-01-01 18:00,2025-01-03 16:00,46,209,0
E5121,P1006,PR208,D10,2025-03-06 16:00,2025-03-11 01:00,105,36,0
E5122,P1013,PR204,D14,2025-03-13 06:00,2025-03-14 09:00,27,166,0
E5123,P1008,PR201,D12,2025-01-03 17:00,2025-01-04 06:00,13,197,0
E5124,P1056,PR205,D11,2025-01-05 16:00,2025-01-10 09:00,113,51,0
E5125,P1018,PR207,D11,2025-03-26 13:00,2025-03-29 08:00,67,79,0
E5126,P1053,PR204,D14,2025-02-07 01:00,2025-02-08 16:00,39,54,0
E5127,P1039,PR200,D14,2025-01-30 14:00,2025-02-03 10:00,92,183,1
E5128,P1042,PR204,D14,2025-02-21 05:00,2025-02-25 07:00,98,220,1
E5129,P1059,PR202,D10,2025-01-30 22:00,2025-02-04 09:00,107,55,0
E5130,P1016,PR201,D10,2025-01-29 03:00,2025-01-29 14:00,11,188,1
E5131,P1047,PR202,D14,2025-01-17 19:00,2025-01-21 12:00,89,73,1
E5132,P1017,PR209,D12,2025-02-22 01:00,2025-02-25 07:00,78,130,0
E5133,P1013,PR203,D12,2025-03-16 18:00,2025-03-21 10:00,112,155,0
E5134,P1043,PR208,D12,2025-03-16 21:00,2025-03-17 14:00,17,12,0
E5135,P1031,PR200,D12,2025-01-04 23:00,2025-01-06 01:00,26,199,1
E5136,P1005,PR204,D13,2025-01-27 17:00,2025-01-30 07:00,62,126,0
E5137,P1002,PR205,D10,2025-01-21 04:00,2025-01-24 15:00,83,96,0
E5138,P1049,PR204,D11,2025-01-22 20:00,2025-01-25 19:00,71,5,0
E5139,P1010,PR208,D13,2025-01-12 13:00,2025-01-14 00:00,35,181,0
E5140,P1045,PR208,D13,2025-02-14 08:00,2025-02-15 11:00,27,51,0
E5141,P1000,PR201,D10,2025-02-25 10:00,2025-02-28 02:00,64,52,0
E5142,P1056,PR208,D11,2025-01-26 03:00,2025-01-26 05:00,2,12,0
E5143,P1002,PR209,D12,2025-02-21 14:00,2025-02-23 14:00,48,131,1
E5144,P1035,PR206,D11,2025-01-14 22:00,2025-01-18 05:00,79,220,0
E5145,P1008,PR204,D10,2025-01-26 13:00,2025-01-29 01:00,60,60,0
E5146,P1023,PR205,D10,2025-01-03 14:00,2025-01-04 14:00,24,111,0
E5147,P1013,PR201,D11,2025-01-18 05:00,2025-01-22 09:00,100,119,0
E5148,P1022,PR206,D14,2025-03-30 22:00,2025-04-04 04:00,102,32,0
E5149,P1039,PR203,D11,2025-02-26 16:00,2025-03-03 00:00,104,90,0
E5150,P1055,PR202,D11,2025-02-13 16:00,2025-02-14 06:00,14,216,0
E5151,P1056,PR200,D13,2025-01-10 02:00,2025-01-14 12:00,106,113,0
E5152,P1011,PR206,D12,2025-03-27 01:00,2025-03-31 17:00,112,12,0
E5153,P1051,PR204,D11,2025-03-24 09:00,2025-03-26 03:00,42,105,0
E5154,P1010,PR206,D10,2025-01-26 01:00,2025-01-28 13:00,60,188,0
E5155,P1055,PR207,D10,2025-03-11 04:00,2025-03-12 14:00,34,185,0
E5156,P1014,PR207,D11,2025-03-11 05:00,2025-03-15 22:00,113,8,1
E5157,P1022,PR203,D12,2025-03-03 23:00,2025-03-06 07:00,56,141,0
E5158,P1014,PR203,D10,2025-01-31 07:00,2025-02-04 13:00,102,40,1
E5159,P1025,PR204,D12,2025-01-06 01:00,2025-01-09 14:00,85,224,1
E5160,P1055,PR204,D10,2025-03-20 05:00,2025-03-25 04:00,119,117,0
E5161,P1022,PR206,D14,2025-02-20 01:00,2025-02-23 09:00,80,207,0
E5162,P1043,PR205,D14,2025-02-20 12:00,2025-02-22 09:00,45,137,0
E5163,P1001,PR204,D10,2025-03-09 18:00,2025-03-13 07:00,85,229,0
E5164,P1011,PR204,D14,2025-01-12 14:00,2025-01-12 16:00,2,94,0
E5165,P1002,PR209,D10,2025-02-07 04:00,2025-02-07 16:00,12,104,0
E5166,P1027,PR205,D12,2025-01-03 00:00,2025-01-03 07:00,7,182,0
E5167,P1027,PR208,D14,2025-01-05 22:00,2025-01-06 09:00,11,176,0
E5168,P1007,PR209,D13,2025-02-09 01:00,2025-02-12 14:00,85,69,0
E5169,P1012,PR200,D12,2025-03-14 16:00,2025-03-15 02:00,10,207,0
E5170,P1045,PR200,D13,2025-02-07 22:00,2025-02-09 10:00,36,98,0
E5171,P1033,PR203,D14,2025-03-10 11:00,2025-03-12 14:00,51,82,1
E5172,P1023,PR201,D13,2025-03-16 08:00,2025-03-17 19:00,35,80,0
E5173,P1042,PR209,D12,2025-01-01 07:00,2025-01-04 00:00,65,154,0
E5174,P1020,PR204,D10,2025-03-13 10:00,2025-03-17 20:00,106,233,0
E5175,P1032,PR206,D12,2025-01-30 02:00,2025-02-02 16:00,86,169,1
E5176,P1020,PR204,D13,2025-03-19 03:00,2025-03-22 21:00,90,46,0
E5177,P1035,PR203,D11,2025-02-09 07:00,2025-02-10 23:00,40,108,0
E5178,P1026,PR202,D13,2025-02-20 05:00,2025-02-24 07:00,98,27,0
E5179,P1039,PR204,D14,2025-01-25 16:00,2025-01-29 18:00,98,198,0
E5180,P1025,PR200,D14,2025-02-20 06:00,2025-02-22 10:00,52,202,1
E5181,P1019,PR203,D12,2025-01-07 18:00,2025-01-10 19:00,73,46,0
E5182,P1027,PR209,D14,2025-01-15 14:00,2025-01-16 20:00,30,37,0
E5183,P1041,PR207,D12,2025-01-27 03:00,2025-01-28 09:00,30,42,0
E5184,P1028,PR203,D13,2025-01-27 22:00,2025-01-29 08:00,34,200,0
E5185,P1032,PR202,D13,2025-01-10 04:00,2025-01-13 07:00,75,101,0
E5186,P1042,PR204,D10,2025-01-13 14:00,2025-01-17 19:00,101,113,0
E5187,P1032,PR205,D14,2025-02-25 14:00,2025-02-26 20:00,30,140,0
E5188,P1005,PR204,D11,2025-02-16 03:00,2025-02-19 08:00,77,177,0
E5189,P1014,PR202,D11,2025-02-05 03:00,2025-02-06 06:00,27,47,0
E5190,P1001,PR203,D10,2025-01-20 10:00,2025-01-23 13:00,75,108,0
E5191,P1030,PR201,D14,2025-03-13 22:00,2025-03-15 22:00,48,94,1
E5192,P1029,PR209,D13,2025-01-12 12:00,2025-01-16 21:00,105,194,0
E5193,P1012,PR207,D13,2025-03-01 10:00,2025-03-04 15:00,77,104,1
E5194,P1025,PR202,D11,2025-01-05 23:00,2025-01-07 13:00,38,76,0
E5195,P1041,PR201,D10,2025-01-31 08:00,2025-02-05 07:00,119,55,0
E5196,P1049,PR203,D13,2025-02-09 08:00,2025-02-12 23:00,87,15,0
E5197,P1011,PR207,D14,2025-02-15 04:00,2025-02-16 02:00,22,94,1
E5198,P1003,PR203,D14,2025-02-23 22:00,2025-02-26 08:00,58,5,1
E5199,P1058,PR207,D10,2025-02-24 18:00,2025-02-26 11:00,41,147,0
E5200,P1008,PR208,D13,2025-03-14 20:00,2025-03-15 06:00,10,206,1
E5201,P1035,PR205,D14,2025-01-26 08:00,2025-01-27 20:00,36,67,0
E5202,P1048,PR209,D13,2025-03-31 10:00,2025-04-02 01:00,39,134,0
E5203,P1052,PR206,D14,2025-02-03 16:00,2025-02-05 12:00,44,191,0
E5204,P1053,PR207,D14,2025-02-20 21:00,2025-02-21 22:00,25,29,0
E5205,P1057,PR207,D11,2025-03-11 20:00,2025-03-15 13:00,89,165,0
E5206,P1028,PR203,D12,2025-03-04 10:00,2025-03-05 09:00,23,158,0
E5207,P1053,PR208,D12,2025-03-26 16:00,2025-03-29 16:00,72,85,1
E5208,P1031,PR204,D11,2025-02-18 19:00,2025-02-23 18:00,119,90,0
E5209,P1028,PR204,D10,2025-03-02 07:00,2025-03-04 09:00,50,75,0
E5210,P1015,PR205,D12,2025-01-13 22:00,2025-01-16 02:00,52,127,0
E5211,P1020,PR201,D14,2025-03-03 16:00,2025-03-05 14:00,46,225,0
E5212,P1008,PR203,D11,2025-02-09 18:00,2025-02-10 13:00,19,5,0
E5213,P1024,PR203,D11,2025-02-16 17:00,2025-02-19 12:00,67,224,0
E5214,P1004,PR206,D13,2025-02-07 18:00,2025-02-10 10:00,64,136,0
E5215,P1021,PR207,D14,2025-01-29 22:00,2025-02-03 06:00,104,135,0
E5216,P1026,PR203,D10,2025-03-15 18:00,2025-03-20 09:00,111,166,0
E5217,P1053,PR206,D13,2025-03-28 22:00,2025-04-01 19:00,93,36,0
E5218,P1057,PR200,D14,2025-01-08 00:00,2025-01-10 10:00,58,71,0
E5219,P1054,PR206,D14,2025-02-28 07:00,2025-03-02 14:00,55,233,0
E5220,P1030,PR205,D10,2025-01-08 01:00,2025-01-09 13:00,36,100,1
E5221,P1019,PR206,D13,2025-02-01 23:00,2025-02-03 22:00,47,239,1
E5222,P1034,PR209,D14,2025-02-06 21:00,2025-02-10 11:00,86,146,0
E5223,P1057,PR207,D11,2025-02-17 17:00,2025-02-18 01:00,8,78,0
E5224,P1014,PR206,D12,2025-01-23 20:00,2025-01-24 16:00,20,116,0
E5225,P1031,PR206,D10,2025-02-05 17:00,2025-02-05 20:00,3,133,1
E5226,P1021,PR202,D13,2025-01-20 10:00,2025-01-24 21:00,107,134,0
E5227,P1053,PR202,D13,2025-01-12 19:00,2025-01-13 01:00,6,41,0
E5228,P1039,PR200,D14,2025-01-09 01:00,2025-01-11 07:00,54,176,0
E5229,P1058,PR209,D13,2025-03-27 11:00,2025-03-28 12:00,25,85,1
E5230,P1036,PR201,D10,2025-02-28 13:00,2025-03-04 05:00,88,132,0
E5231,P1041,PR202,D13,2025-03-22 13:00,2025-03-22 23:00,10,44,0
E5232,P1055,PR202,D13,2025-01-25 06:00,2025-01-28 08:00,74,26,1
E5233,P1003,PR206,D12,2025-01-04 12:00,2025-01-08 15:00,99,219,0
E5234,P1020,PR207,D11,2025-03-11 17:00,2025-03-15 07:00,86,46,0
E5235,P1020,PR206,D12,2025-02-07 01:00,2025-02-07 19:00,18,169,0
E5236,P1017,PR204,D13,2025-03-17 22:00,2025-03-22 20:00,118,110,0
E5237,P1053,PR207,D10,2025-01-27 05:00,2025-01-31 01:00,92,172,0
E5238,P1001,PR200,D14,2025-02-22 06:00,2025-02-22 17:00,11,177,1
E5239,P1022,PR201,D11,2025-03-26 13:00,2025-03-29 06:00,65,134,0
E5240,P1049,PR200,D10,2025-03-06 18:00,2025-03-09 00:00,54,40,0
E5241,P1015,PR200,D11,2025-01-29 20:00,2025-01-30 08:00,12,44,0
E5242,P1039,PR203,D11,2025-02-05 16:00,2025-02-08 04:00,60,43,0
E5243,P1008,PR201,D13,2025-02-23 01:00,2025-02-25 09:00,56,115,1
E5244,P1036,PR207,D11,2025-01-22 04:00,2025-01-24 13:00,57,37,0
E5245,P1044,PR205,D12,2025-01-20 18:00,2025-01-24 22:00,100,239,1
E5246,P1010,PR209,D14,2025-03-14 01:00,2025-03-18 23:00,118,77,0
E5247,P1047,PR202,D10,2025-01-17 00:00,2025-01-20 18:00,90,65,0
E5248,P1019,PR209,D10,2025-02-11 06:00,2025-02-12 18:00,36,135,0
E5249,P1001,PR209,D12,2025-02-13 18:00,2025-02-17 17:00,95,106,0
